param,value
Id_lin,3.76425795e-06
Id_sat,1.1963505500000002e-05
Vdsat_approx,0.0
