param,value
Id_lin,4.81630504e-20
Id_sat,0.00026074369839999996
Vdsat_approx,0.0
