param,value
Id_lin,4.80936412e-05
Id_sat,0.00019169704940000002
Vdsat_approx,0.0
