param,value
Id_lin,5.71673549e-06
Id_sat,1.2774557579999999e-05
Vdsat_approx,0.0
