param,value
Id_lin,0.000286670355
Id_sat,0.0009897406536
Vdsat_approx,0.0
